{"stats":{"minecraft:mined":{"gravestone:gravestone":5,"minecraft:dead_bush":1,"minecraft:sand":3,"minecraft:dirt":1,"minecraft:sea_pickle":1,"minecraft:sugar_cane":2},"minecraft:killed_by":{"minecraft:husk":1,"minecraft:skeleton":3,"the_slumbering_omen:theslumberingomen":1,"graveyard:skeleton_creeper":2},"minecraft:custom":{"minecraft:time_since_rest":1336,"minecraft:deaths":8,"minecraft:sprint_one_cm":23468,"minecraft:play_time":20222,"minecraft:damage_taken":2210,"minecraft:walk_one_cm":52937,"minecraft:mob_kills":1,"minecraft:walk_under_water_one_cm":8865,"minecraft:jump":371,"minecraft:damage_dealt":277,"minecraft:leave_game":4,"minecraft:walk_on_water_one_cm":14130,"minecraft:time_since_death":1280,"minecraft:total_world_time":20222,"minecraft:swim_one_cm":11153,"minecraft:fall_one_cm":10785,"minecraft:fly_one_cm":47442},"minecraft:picked_up":{"minecraft:sea_pickle":4,"minecraft:sand":3,"minecraft:sugar_cane":4,"minecraft:dirt":1},"minecraft:killed":{"minecraft:husk":1},"minecraft:used":{"minecraft:sea_pickle":3}},"DataVersion":3120}