{"stats":{"minecraft:picked_up":{"minecraft:birch_log":3,"minecraft:stick":1,"minecraft:leather":5,"minecraft:wheat_seeds":1,"minecraft:dandelion":1,"minecraft:beef":7,"minecraft:string":1,"minecraft:dirt":15},"minecraft:used":{"minecraft:dirt":12,"minecraft:crafting_table":1,"better_katanas:wood_sword":12},"minecraft:mined":{"gravestone:gravestone":2,"minecraft:grass":14,"minecraft:grass_block":7,"minecraft:dirt":11,"minecraft:birch_log":3,"minecraft:dandelion":1,"minecraft:oak_leaves":1},"minecraft:crafted":{"better_katanas:wood_sword":1,"minecraft:birch_planks":12,"minecraft:crafting_table":1,"minecraft:stick":4},"minecraft:killed":{"minecraft:spider":1,"minecraft:cow":5},"minecraft:custom":{"minecraft:time_since_rest":5183,"minecraft:crouch_one_cm":1240,"minecraft:play_time":16778,"minecraft:sprint_one_cm":38479,"minecraft:deaths":4,"minecraft:damage_taken":1140,"minecraft:walk_one_cm":34866,"minecraft:sneak_time":4,"minecraft:walk_under_water_one_cm":3656,"minecraft:mob_kills":6,"minecraft:jump":307,"minecraft:damage_dealt":972,"minecraft:leave_game":22,"minecraft:walk_on_water_one_cm":3844,"minecraft:time_since_death":5158,"minecraft:total_world_time":16778,"minecraft:interact_with_crafting_table":2,"minecraft:swim_one_cm":3346,"minecraft:fall_one_cm":8469,"minecraft:fly_one_cm":49525},"minecraft:killed_by":{"endofherobrine:cow":2,"minecraft:spider":1}},"DataVersion":3120}