{"stats":{"minecraft:mined":{"gravestone:gravestone":2,"minecraft:dead_bush":1,"minecraft:sea_pickle":1},"minecraft:killed_by":{"minecraft:husk":1,"minecraft:skeleton":3,"the_slumbering_omen:theslumberingomen":1,"graveyard:skeleton_creeper":2},"minecraft:custom":{"minecraft:time_since_rest":715,"minecraft:deaths":7,"minecraft:sprint_one_cm":6851,"minecraft:play_time":15720,"minecraft:damage_taken":1960,"minecraft:walk_one_cm":40454,"minecraft:walk_under_water_one_cm":5382,"minecraft:jump":242,"minecraft:damage_dealt":79,"minecraft:leave_game":3,"minecraft:walk_on_water_one_cm":11877,"minecraft:time_since_death":691,"minecraft:total_world_time":15720,"minecraft:swim_one_cm":11153,"minecraft:fall_one_cm":5608,"minecraft:fly_one_cm":17568},"minecraft:picked_up":{"minecraft:sea_pickle":4},"minecraft:used":{"minecraft:sea_pickle":3}},"DataVersion":3120}