{"stats":{"minecraft:used":{"minecraft:torch":1,"minecraft:sea_pickle":3},"minecraft:custom":{"minecraft:open_chest":2,"minecraft:time_since_rest":7455,"minecraft:damage_taken":2490,"minecraft:play_time":28044,"minecraft:sprint_one_cm":23838,"minecraft:deaths":9,"minecraft:walk_one_cm":106847,"minecraft:mob_kills":1,"minecraft:walk_under_water_one_cm":9189,"minecraft:jump":467,"minecraft:damage_dealt":314,"minecraft:leave_game":5,"minecraft:time_since_death":6517,"minecraft:walk_on_water_one_cm":14807,"minecraft:total_world_time":28044,"minecraft:swim_one_cm":14952,"minecraft:fall_one_cm":12155,"minecraft:fly_one_cm":49660},"minecraft:mined":{"gravestone:gravestone":6,"minecraft:dead_bush":1,"minecraft:sand":4,"minecraft:dirt":1,"minecraft:sea_pickle":1,"minecraft:sugar_cane":8,"minecraft:torch":1},"minecraft:picked_up":{"minecraft:sea_pickle":4,"minecraft:torch":1,"minecraft:sand":4,"minecraft:sugar_cane":8,"minecraft:dirt":1},"minecraft:killed_by":{"the_slumbering_omen:combatscout":1,"minecraft:husk":1,"minecraft:skeleton":3,"the_slumbering_omen:theslumberingomen":1,"graveyard:skeleton_creeper":2},"minecraft:killed":{"minecraft:husk":1}},"DataVersion":3120}