{"stats":{"minecraft:picked_up":{"minecraft:dirt":1},"minecraft:custom":{"minecraft:jump":64,"minecraft:time_since_rest":1707,"minecraft:leave_game":1,"minecraft:damage_dealt":12,"minecraft:walk_on_water_one_cm":59,"minecraft:sprint_one_cm":5006,"minecraft:play_time":1707,"minecraft:damage_taken":180,"minecraft:time_since_death":1707,"minecraft:walk_one_cm":5651,"minecraft:total_world_time":1707,"minecraft:fall_one_cm":3457,"minecraft:fly_one_cm":12373},"minecraft:mined":{"minecraft:grass_block":1,"minecraft:oak_leaves":2,"gravestone:gravestone":1},"minecraft:used":{"minecraft:dirt":1}},"DataVersion":3120}