{
  "morevanillatools:recipes/morevanillatools/copper_pickaxe": {
    "criteria": {
      "criterion1": "2024-07-17 12:44:16 +0000"
    },
    "done": true
  },
  "minecraft:recipes/tools/fishing_rod": {
    "criteria": {
      "has_string": "2024-07-25 10:48:27 +0000"
    },
    "done": true
  },
  "morevanillatools:recipes/morevanillatools/emerald_hoe": {
    "criteria": {
      "criterion1": "2024-07-17 12:44:16 +0000"
    },
    "done": true
  },
  "minecraft:recipes/tools/wooden_axe": {
    "criteria": {
      "has_stick": "2024-07-17 12:44:16 +0000"
    },
    "done": true
  },
  "morevanillatools:recipes/morevanillatools/slime_sword": {
    "criteria": {
      "criterion1": "2024-07-17 12:44:16 +0000"
    },
    "done": true
  },
  "travelersbackpack:recipes/travelersbackpack/horse": {
    "criteria": {
      "has_leather": "2024-07-17 13:17:21 +0000"
    },
    "done": true
  },
  "minecraft:recipes/decorations/loom": {
    "criteria": {
      "has_string": "2024-07-25 10:48:27 +0000"
    },
    "done": true
  },
  "morevanillatools:recipes/morevanillatools/quartz_hoe": {
    "criteria": {
      "criterion1": "2024-07-17 12:44:16 +0000"
    },
    "done": true
  },
  "morevanillatools:recipes/morevanillatools/ender_axe": {
    "criteria": {
      "criterion1": "2024-07-17 12:44:16 +0000"
    },
    "done": true
  },
  "minecraft:recipes/combat/leather_helmet": {
    "criteria": {
      "has_leather": "2024-07-17 13:17:21 +0000"
    },
    "done": true
  },
  "better_katanas:your_first_katana": {
    "criteria": {
      "your_first_katana": "2024-07-25 11:00:37 +0000"
    },
    "done": true
  },
  "morevanillatools:recipes/morevanillatools/coal_sword": {
    "criteria": {
      "criterion1": "2024-07-17 12:44:16 +0000"
    },
    "done": true
  },
  "minecraft:recipes/redstone/birch_pressure_plate": {
    "criteria": {
      "has_planks": "2024-07-25 10:59:59 +0000"
    },
    "done": true
  },
  "minecraft:recipes/decorations/campfire": {
    "criteria": {
      "has_stick": "2024-07-17 12:44:16 +0000"
    },
    "done": true
  },
  "minecraft:recipes/decorations/candle": {
    "criteria": {
      "has_string": "2024-07-25 10:48:27 +0000"
    },
    "done": true
  },
  "minecraft:recipes/decorations/crafting_table": {
    "criteria": {
      "has_planks": "2024-07-25 10:59:59 +0000"
    },
    "done": true
  },
  "morevanillatools:recipes/morevanillatools/quartz_axe": {
    "criteria": {
      "criterion1": "2024-07-17 12:44:16 +0000"
    },
    "done": true
  },
  "minecraft:recipes/decorations/ladder": {
    "criteria": {
      "has_stick": "2024-07-17 12:44:16 +0000"
    },
    "done": true
  },
  "minecraft:recipes/redstone/birch_button": {
    "criteria": {
      "has_planks": "2024-07-25 10:59:59 +0000"
    },
    "done": true
  },
  "minecraft:recipes/transportation/mangrove_boat": {
    "criteria": {
      "in_water": "2024-07-17 13:17:11 +0000"
    },
    "done": true
  },
  "morevanillatools:recipes/morevanillatools/slime_hoe": {
    "criteria": {
      "criterion1": "2024-07-17 12:44:16 +0000"
    },
    "done": true
  },
  "minecraft:recipes/tools/wooden_shovel": {
    "criteria": {
      "has_stick": "2024-07-17 12:44:16 +0000"
    },
    "done": true
  },
  "ironchest:recipes/ironchest/chests/vanilla_dirt_chest": {
    "criteria": {
      "has_iron_ingot": "2024-07-25 10:47:51 +0000"
    },
    "done": true
  },
  "morevanillatools:recipes/morevanillatools/prismarine_pickaxe": {
    "criteria": {
      "criterion1": "2024-07-17 12:44:16 +0000"
    },
    "done": true
  },
  "travelersbackpack:recipes/travelersbackpack/spider": {
    "criteria": {
      "has_string": "2024-07-25 10:48:27 +0000"
    },
    "done": true
  },
  "securitycraft:recipes/securitycraft/sc_manual": {
    "criteria": {
      "has_wood": "2024-07-25 10:59:46 +0000"
    },
    "done": true
  },
  "morevanillatools:recipes/morevanillatools/coal_shovel": {
    "criteria": {
      "criterion1": "2024-07-17 12:44:16 +0000"
    },
    "done": true
  },
  "minecraft:recipes/misc/stick": {
    "criteria": {
      "has_planks": "2024-07-25 10:59:59 +0000"
    },
    "done": true
  },
  "morevanillatools:recipes/morevanillatools/copper_sword": {
    "criteria": {
      "criterion1": "2024-07-17 12:44:16 +0000"
    },
    "done": true
  },
  "minecraft:recipes/misc/yellow_dye_from_dandelion": {
    "criteria": {
      "has_dandelion": "2024-07-25 10:48:28 +0000"
    },
    "done": true
  },
  "morevanillatools:recipes/morevanillatools/redstone_shovel": {
    "criteria": {
      "criterion1": "2024-07-17 12:44:16 +0000"
    },
    "done": true
  },
  "minecraft:recipes/transportation/spruce_boat": {
    "criteria": {
      "in_water": "2024-07-17 13:17:11 +0000"
    },
    "done": true
  },
  "morevanillatools:recipes/morevanillatools/coal_pickaxe": {
    "criteria": {
      "criterion1": "2024-07-17 12:44:16 +0000"
    },
    "done": true
  },
  "minecraft:recipes/combat/wooden_sword": {
    "criteria": {
      "has_stick": "2024-07-17 12:44:16 +0000"
    },
    "done": true
  },
  "morevanillatools:recipes/morevanillatools/redstone_pickaxe": {
    "criteria": {
      "criterion1": "2024-07-17 12:44:16 +0000"
    },
    "done": true
  },
  "morevanillatools:recipes/morevanillatools/lapis_pickaxe": {
    "criteria": {
      "criterion1": "2024-07-17 12:44:16 +0000"
    },
    "done": true
  },
  "morevanillatools:recipes/morevanillatools/bone_pickaxe": {
    "criteria": {
      "criterion1": "2024-07-17 12:44:16 +0000"
    },
    "done": true
  },
  "morevanillatools:recipes/morevanillatools/fiery_axe": {
    "criteria": {
      "criterion1": "2024-07-17 12:44:16 +0000"
    },
    "done": true
  },
  "morevanillatools:recipes/morevanillatools/ender_pickaxe": {
    "criteria": {
      "criterion1": "2024-07-17 12:44:16 +0000"
    },
    "done": true
  },
  "travelersbackpack:recipes/travelersbackpack/crafting_upgrade": {
    "criteria": {
      "has_crafting_table": "2024-07-25 11:00:12 +0000"
    },
    "done": true
  },
  "morevanillatools:recipes/morevanillatools/nether_pickaxe": {
    "criteria": {
      "criterion1": "2024-07-17 12:44:16 +0000"
    },
    "done": true
  },
  "minecraft:recipes/tools/wooden_hoe": {
    "criteria": {
      "has_stick": "2024-07-17 12:44:16 +0000"
    },
    "done": true
  },
  "endofherobrine:story/root": {
    "criteria": {
      "requirement": "2024-07-17 12:44:15 +0000"
    },
    "done": true
  },
  "morevanillatools:recipes/morevanillatools/obsidian_sword": {
    "criteria": {
      "criterion1": "2024-07-17 12:44:16 +0000"
    },
    "done": true
  },
  "minecraft:recipes/redstone/tripwire_hook": {
    "criteria": {
      "has_string": "2024-07-25 10:48:27 +0000"
    },
    "done": true
  },
  "morevanillatools:recipes/morevanillatools/lapis_shovel": {
    "criteria": {
      "criterion1": "2024-07-17 12:44:16 +0000"
    },
    "done": true
  },
  "morevanillatools:recipes/morevanillatools/lapis_hoe": {
    "criteria": {
      "criterion1": "2024-07-17 12:44:16 +0000"
    },
    "done": true
  },
  "morevanillatools:recipes/morevanillatools/nether_hoe": {
    "criteria": {
      "criterion1": "2024-07-17 12:44:16 +0000"
    },
    "done": true
  },
  "minecraft:recipes/building_blocks/birch_planks": {
    "criteria": {
      "has_logs": "2024-07-25 10:59:46 +0000"
    },
    "done": true
  },
  "minecraft:recipes/building_blocks/birch_slab": {
    "criteria": {
      "has_planks": "2024-07-25 10:59:59 +0000"
    },
    "done": true
  },
  "morevanillatools:recipes/morevanillatools/emerald_shovel": {
    "criteria": {
      "criterion1": "2024-07-17 12:44:16 +0000"
    },
    "done": true
  },
  "morevanillatools:recipes/morevanillatools/emerald_sword": {
    "criteria": {
      "criterion1": "2024-07-17 12:44:16 +0000"
    },
    "done": true
  },
  "morevanillatools:recipes/morevanillatools/glowstone_pickaxe": {
    "criteria": {
      "criterion1": "2024-07-17 12:44:16 +0000"
    },
    "done": true
  },
  "morevanillatools:recipes/morevanillatools/ender_sword": {
    "criteria": {
      "criterion1": "2024-07-17 12:44:16 +0000"
    },
    "done": true
  },
  "morevanillatools:recipes/morevanillatools/nether_axe": {
    "criteria": {
      "criterion1": "2024-07-17 12:44:16 +0000"
    },
    "done": true
  },
  "morevanillatools:recipes/morevanillatools/lapis_axe": {
    "criteria": {
      "criterion1": "2024-07-17 12:44:16 +0000"
    },
    "done": true
  },
  "minecraft:recipes/redstone/birch_fence_gate": {
    "criteria": {
      "has_planks": "2024-07-25 10:59:59 +0000"
    },
    "done": true
  },
  "minecraft:story/root": {
    "criteria": {
      "crafting_table": "2024-07-25 11:00:12 +0000"
    },
    "done": true
  },
  "minecraft:recipes/combat/crossbow": {
    "criteria": {
      "has_stick": "2024-07-17 12:44:16 +0000"
    },
    "done": true
  },
  "morevanillatools:recipes/morevanillatools/obsidian_shovel": {
    "criteria": {
      "criterion1": "2024-07-17 12:44:16 +0000"
    },
    "done": true
  },
  "morevanillatools:recipes/morevanillatools/emerald_axe": {
    "criteria": {
      "criterion1": "2024-07-17 12:44:16 +0000"
    },
    "done": true
  },
  "morevanillatools:recipes/morevanillatools/paper_pickaxe": {
    "criteria": {
      "criterion1": "2024-07-17 12:44:16 +0000"
    },
    "done": true
  },
  "morevanillatools:recipes/morevanillatools/slime_pickaxe": {
    "criteria": {
      "criterion1": "2024-07-17 12:44:16 +0000"
    },
    "done": true
  },
  "minecraft:recipes/misc/leather_horse_armor": {
    "criteria": {
      "has_leather": "2024-07-17 13:17:21 +0000"
    },
    "done": true
  },
  "minecraft:recipes/combat/leather_leggings": {
    "criteria": {
      "has_leather": "2024-07-17 13:17:21 +0000"
    },
    "done": true
  },
  "morevanillatools:recipes/morevanillatools/prismarine_shovel": {
    "criteria": {
      "criterion1": "2024-07-17 12:44:16 +0000"
    },
    "done": true
  },
  "morevanillatools:recipes/morevanillatools/paper_sword": {
    "criteria": {
      "criterion1": "2024-07-17 12:44:16 +0000"
    },
    "done": true
  },
  "morevanillatools:recipes/morevanillatools/bone_axe": {
    "criteria": {
      "criterion1": "2024-07-17 12:44:16 +0000"
    },
    "done": true
  },
  "minecraft:recipes/combat/bow": {
    "criteria": {
      "has_string": "2024-07-25 10:48:27 +0000"
    },
    "done": true
  },
  "morevanillatools:recipes/morevanillatools/quartz_pickaxe": {
    "criteria": {
      "criterion1": "2024-07-17 12:44:16 +0000"
    },
    "done": true
  },
  "minecraft:recipes/combat/leather_chestplate": {
    "criteria": {
      "has_leather": "2024-07-17 13:17:21 +0000"
    },
    "done": true
  },
  "morevanillatools:recipes/morevanillatools/paper_axe": {
    "criteria": {
      "criterion1": "2024-07-17 12:44:16 +0000"
    },
    "done": true
  },
  "morevanillatools:recipes/morevanillatools/quartz_sword": {
    "criteria": {
      "criterion1": "2024-07-17 12:44:16 +0000"
    },
    "done": true
  },
  "minecraft:adventure/kill_a_mob": {
    "criteria": {
      "minecraft:spider": "2024-07-25 10:48:26 +0000"
    },
    "done": true
  },
  "morevanillatools:recipes/morevanillatools/nether_shovel": {
    "criteria": {
      "criterion1": "2024-07-17 12:44:16 +0000"
    },
    "done": true
  },
  "morevanillatools:recipes/morevanillatools/bone_hoe": {
    "criteria": {
      "criterion1": "2024-07-17 12:44:16 +0000"
    },
    "done": true
  },
  "morevanillatools:recipes/morevanillatools/fiery_shovel": {
    "criteria": {
      "criterion1": "2024-07-17 12:44:16 +0000"
    },
    "done": true
  },
  "morevanillatools:recipes/morevanillatools/bone_sword": {
    "criteria": {
      "criterion1": "2024-07-17 12:44:16 +0000"
    },
    "done": true
  },
  "morevanillatools:recipes/morevanillatools/fiery_hoe": {
    "criteria": {
      "criterion1": "2024-07-17 12:44:16 +0000"
    },
    "done": true
  },
  "morevanillatools:recipes/morevanillatools/emerald_pickaxe": {
    "criteria": {
      "criterion1": "2024-07-17 12:44:16 +0000"
    },
    "done": true
  },
  "minecraft:recipes/food/cooked_beef": {
    "criteria": {
      "has_beef": "2024-07-17 13:17:21 +0000"
    },
    "done": true
  },
  "minecraft:adventure/adventuring_time": {
    "criteria": {
      "minecraft:birch_forest": "2024-07-17 13:17:15 +0000",
      "minecraft:beach": "2024-07-17 13:16:44 +0000",
      "minecraft:river": "2024-07-17 13:17:10 +0000",
      "minecraft:forest": "2024-07-17 12:43:56 +0000",
      "minecraft:old_growth_birch_forest": "2024-07-17 12:44:05 +0000"
    },
    "done": false
  },
  "morevanillatools:recipes/morevanillatools/glowstone_shovel": {
    "criteria": {
      "criterion1": "2024-07-17 12:44:16 +0000"
    },
    "done": true
  },
  "minecraft:recipes/misc/charcoal": {
    "criteria": {
      "has_log": "2024-07-25 10:59:46 +0000"
    },
    "done": true
  },
  "morevanillatools:recipes/morevanillatools/prismarine_hoe": {
    "criteria": {
      "criterion1": "2024-07-17 12:44:16 +0000"
    },
    "done": true
  },
  "minecraft:recipes/tools/wooden_pickaxe": {
    "criteria": {
      "has_stick": "2024-07-17 12:44:16 +0000"
    },
    "done": true
  },
  "morevanillatools:recipes/morevanillatools/fiery_sword": {
    "criteria": {
      "criterion1": "2024-07-17 12:44:16 +0000"
    },
    "done": true
  },
  "morevanillatools:recipes/morevanillatools/bone_shovel": {
    "criteria": {
      "criterion1": "2024-07-17 12:44:16 +0000"
    },
    "done": true
  },
  "minecraft:recipes/transportation/birch_boat": {
    "criteria": {
      "in_water": "2024-07-17 13:17:11 +0000"
    },
    "done": true
  },
  "morevanillatools:recipes/morevanillatools/obsidian_pickaxe": {
    "criteria": {
      "criterion1": "2024-07-17 12:44:16 +0000"
    },
    "done": true
  },
  "morevanillatools:recipes/morevanillatools/redstone_sword": {
    "criteria": {
      "criterion1": "2024-07-17 12:44:16 +0000"
    },
    "done": true
  },
  "securitycraft:recipes/securitycraft/sonic_security_system": {
    "criteria": {
      "has_stick": "2024-07-25 11:00:22 +0000"
    },
    "done": true
  },
  "minecraft:recipes/decorations/barrel": {
    "criteria": {
      "has_planks": "2024-07-25 10:59:59 +0000"
    },
    "done": true
  },
  "minecraft:recipes/transportation/acacia_boat": {
    "criteria": {
      "in_water": "2024-07-17 13:17:11 +0000"
    },
    "done": true
  },
  "minecraft:recipes/decorations/birch_sign": {
    "criteria": {
      "has_planks": "2024-07-25 10:59:59 +0000"
    },
    "done": true
  },
  "morevanillatools:recipes/morevanillatools/prismarine_sword": {
    "criteria": {
      "criterion1": "2024-07-17 12:44:16 +0000"
    },
    "done": true
  },
  "minecraft:adventure/root": {
    "criteria": {
      "killed_something": "2024-07-17 13:17:21 +0000"
    },
    "done": true
  },
  "morevanillatools:recipes/morevanillatools/redstone_axe": {
    "criteria": {
      "criterion1": "2024-07-17 12:44:16 +0000"
    },
    "done": true
  },
  "minecraft:recipes/combat/leather_boots": {
    "criteria": {
      "has_leather": "2024-07-17 13:17:21 +0000"
    },
    "done": true
  },
  "securitycraft:recipes/securitycraft/motion_activated_light": {
    "criteria": {
      "has_stick": "2024-07-25 11:00:22 +0000"
    },
    "done": true
  },
  "minecraft:recipes/transportation/jungle_boat": {
    "criteria": {
      "in_water": "2024-07-17 13:17:11 +0000"
    },
    "done": true
  },
  "ironfurnaces:coal": {
    "criteria": {
      "rainbowcoal": "2024-07-25 10:47:27 +0000"
    },
    "done": true
  },
  "morevanillatools:recipes/morevanillatools/quartz_shovel": {
    "criteria": {
      "criterion1": "2024-07-17 12:44:16 +0000"
    },
    "done": true
  },
  "minecraft:recipes/building_blocks/birch_stairs": {
    "criteria": {
      "has_planks": "2024-07-25 10:59:59 +0000"
    },
    "done": true
  },
  "minecraft:recipes/decorations/item_frame": {
    "criteria": {
      "has_leather": "2024-07-17 13:17:21 +0000"
    },
    "done": true
  },
  "minecraft:recipes/building_blocks/white_wool_from_string": {
    "criteria": {
      "has_string": "2024-07-25 10:48:27 +0000"
    },
    "done": true
  },
  "morevanillatools:recipes/morevanillatools/slime_shovel": {
    "criteria": {
      "criterion1": "2024-07-17 12:44:16 +0000"
    },
    "done": true
  },
  "minecraft:recipes/transportation/dark_oak_boat": {
    "criteria": {
      "in_water": "2024-07-17 13:17:11 +0000"
    },
    "done": true
  },
  "morevanillatools:recipes/morevanillatools/ender_hoe": {
    "criteria": {
      "criterion1": "2024-07-17 12:44:16 +0000"
    },
    "done": true
  },
  "minecraft:adventure/kill_all_mobs": {
    "criteria": {
      "minecraft:spider": "2024-07-25 10:48:26 +0000"
    },
    "done": false
  },
  "minecraft:recipes/building_blocks/birch_wood": {
    "criteria": {
      "has_log": "2024-07-25 10:59:46 +0000"
    },
    "done": true
  },
  "minecraft:recipes/redstone/birch_trapdoor": {
    "criteria": {
      "has_planks": "2024-07-25 10:59:59 +0000"
    },
    "done": true
  },
  "minecraft:recipes/food/cooked_beef_from_smoking": {
    "criteria": {
      "has_beef": "2024-07-17 13:17:21 +0000"
    },
    "done": true
  },
  "morevanillatools:recipes/morevanillatools/ender_shovel": {
    "criteria": {
      "criterion1": "2024-07-17 12:44:16 +0000"
    },
    "done": true
  },
  "morevanillatools:recipes/morevanillatools/coal_hoe": {
    "criteria": {
      "criterion1": "2024-07-17 12:44:16 +0000"
    },
    "done": true
  },
  "morevanillatools:recipes/morevanillatools/paper_hoe": {
    "criteria": {
      "criterion1": "2024-07-17 12:44:16 +0000"
    },
    "done": true
  },
  "morevanillatools:recipes/morevanillatools/obsidian_axe": {
    "criteria": {
      "criterion1": "2024-07-17 12:44:16 +0000"
    },
    "done": true
  },
  "morevanillatools:recipes/morevanillatools/glowstone_hoe": {
    "criteria": {
      "criterion1": "2024-07-17 12:44:16 +0000"
    },
    "done": true
  },
  "morevanillatools:recipes/morevanillatools/copper_axe": {
    "criteria": {
      "criterion1": "2024-07-17 12:44:16 +0000"
    },
    "done": true
  },
  "minecraft:recipes/redstone/birch_door": {
    "criteria": {
      "has_planks": "2024-07-25 10:59:59 +0000"
    },
    "done": true
  },
  "morevanillatools:recipes/morevanillatools/coal_axe": {
    "criteria": {
      "criterion1": "2024-07-17 12:44:16 +0000"
    },
    "done": true
  },
  "minecraft:recipes/food/cooked_beef_from_campfire_cooking": {
    "criteria": {
      "has_beef": "2024-07-17 13:17:21 +0000"
    },
    "done": true
  },
  "morevanillatools:recipes/morevanillatools/glowstone_sword": {
    "criteria": {
      "criterion1": "2024-07-17 12:44:16 +0000"
    },
    "done": true
  },
  "morevanillatools:recipes/morevanillatools/obsidian_hoe": {
    "criteria": {
      "criterion1": "2024-07-17 12:44:16 +0000"
    },
    "done": true
  },
  "morevanillatools:recipes/morevanillatools/paper_shovel": {
    "criteria": {
      "criterion1": "2024-07-17 12:44:16 +0000"
    },
    "done": true
  },
  "morevanillatools:recipes/morevanillatools/redstone_hoe": {
    "criteria": {
      "criterion1": "2024-07-17 12:44:16 +0000"
    },
    "done": true
  },
  "morevanillatools:recipes/morevanillatools/lapis_sword": {
    "criteria": {
      "criterion1": "2024-07-17 12:44:16 +0000"
    },
    "done": true
  },
  "morevanillatools:recipes/morevanillatools/copper_hoe": {
    "criteria": {
      "criterion1": "2024-07-17 12:44:16 +0000"
    },
    "done": true
  },
  "morevanillatools:recipes/morevanillatools/glowstone_axe": {
    "criteria": {
      "criterion1": "2024-07-17 12:44:16 +0000"
    },
    "done": true
  },
  "ironchest:recipes/ironchest/upgrades/wood_to_copper_chest_upgrade": {
    "criteria": {
      "has_item": "2024-07-25 10:59:59 +0000"
    },
    "done": true
  },
  "morevanillatools:recipes/morevanillatools/fiery_pickaxe": {
    "criteria": {
      "criterion1": "2024-07-17 12:44:16 +0000"
    },
    "done": true
  },
  "morevanillatools:recipes/morevanillatools/nether_sword": {
    "criteria": {
      "criterion1": "2024-07-17 12:44:16 +0000"
    },
    "done": true
  },
  "minecraft:recipes/decorations/soul_campfire": {
    "criteria": {
      "has_stick": "2024-07-17 12:44:16 +0000"
    },
    "done": true
  },
  "minecraft:recipes/transportation/oak_boat": {
    "criteria": {
      "in_water": "2024-07-17 13:17:11 +0000"
    },
    "done": true
  },
  "morevanillatools:recipes/morevanillatools/prismarine_axe": {
    "criteria": {
      "criterion1": "2024-07-17 12:44:16 +0000"
    },
    "done": true
  },
  "morevanillatools:recipes/morevanillatools/copper_shovel": {
    "criteria": {
      "criterion1": "2024-07-17 12:44:16 +0000"
    },
    "done": true
  },
  "minecraft:recipes/decorations/birch_fence": {
    "criteria": {
      "has_planks": "2024-07-25 10:59:59 +0000"
    },
    "done": true
  },
  "ninjaworld:ninja_worlds": {
    "criteria": {
      "ninja_worlds": "2024-07-25 10:58:27 +0000"
    },
    "done": true
  },
  "morevanillatools:recipes/morevanillatools/slime_axe": {
    "criteria": {
      "criterion1": "2024-07-17 12:44:16 +0000"
    },
    "done": true
  },
  "DataVersion": 3120
}