{
  "morevanillatools:recipes/morevanillatools/copper_pickaxe": {
    "criteria": {
      "criterion1": "2024-07-24 09:06:59 +0000"
    },
    "done": true
  },
  "morevanillatools:recipes/morevanillatools/emerald_hoe": {
    "criteria": {
      "criterion1": "2024-07-24 09:06:59 +0000"
    },
    "done": true
  },
  "minecraft:recipes/tools/wooden_axe": {
    "criteria": {
      "has_stick": "2024-07-24 09:06:59 +0000"
    },
    "done": true
  },
  "morevanillatools:recipes/morevanillatools/slime_sword": {
    "criteria": {
      "criterion1": "2024-07-24 09:06:59 +0000"
    },
    "done": true
  },
  "travelersbackpack:recipes/travelersbackpack/horse": {
    "criteria": {
      "has_leather": "2024-07-24 09:06:59 +0000"
    },
    "done": true
  },
  "morevanillatools:recipes/morevanillatools/quartz_hoe": {
    "criteria": {
      "criterion1": "2024-07-24 09:06:59 +0000"
    },
    "done": true
  },
  "morevanillatools:recipes/morevanillatools/ender_axe": {
    "criteria": {
      "criterion1": "2024-07-24 09:06:59 +0000"
    },
    "done": true
  },
  "minecraft:recipes/combat/leather_helmet": {
    "criteria": {
      "has_leather": "2024-07-24 09:06:59 +0000"
    },
    "done": true
  },
  "morevanillatools:recipes/morevanillatools/coal_sword": {
    "criteria": {
      "criterion1": "2024-07-24 09:06:59 +0000"
    },
    "done": true
  },
  "minecraft:recipes/decorations/campfire": {
    "criteria": {
      "has_stick": "2024-07-24 09:06:59 +0000"
    },
    "done": true
  },
  "morevanillatools:recipes/morevanillatools/quartz_axe": {
    "criteria": {
      "criterion1": "2024-07-24 09:06:59 +0000"
    },
    "done": true
  },
  "minecraft:recipes/decorations/ladder": {
    "criteria": {
      "has_stick": "2024-07-24 09:06:59 +0000"
    },
    "done": true
  },
  "morevanillatools:recipes/morevanillatools/slime_hoe": {
    "criteria": {
      "criterion1": "2024-07-24 09:06:59 +0000"
    },
    "done": true
  },
  "minecraft:recipes/tools/wooden_shovel": {
    "criteria": {
      "has_stick": "2024-07-24 09:06:59 +0000"
    },
    "done": true
  },
  "morevanillatools:recipes/morevanillatools/prismarine_pickaxe": {
    "criteria": {
      "criterion1": "2024-07-24 09:06:59 +0000"
    },
    "done": true
  },
  "morevanillatools:recipes/morevanillatools/coal_shovel": {
    "criteria": {
      "criterion1": "2024-07-24 09:06:59 +0000"
    },
    "done": true
  },
  "minecraft:recipes/food/cooked_beef_from_grill_cooking": {
    "criteria": {
      "has_beef": "2024-07-24 09:06:59 +0000"
    },
    "done": true
  },
  "morevanillatools:recipes/morevanillatools/copper_sword": {
    "criteria": {
      "criterion1": "2024-07-24 09:06:59 +0000"
    },
    "done": true
  },
  "morevanillatools:recipes/morevanillatools/redstone_shovel": {
    "criteria": {
      "criterion1": "2024-07-24 09:06:59 +0000"
    },
    "done": true
  },
  "morevanillatools:recipes/morevanillatools/coal_pickaxe": {
    "criteria": {
      "criterion1": "2024-07-24 09:06:59 +0000"
    },
    "done": true
  },
  "minecraft:recipes/combat/wooden_sword": {
    "criteria": {
      "has_stick": "2024-07-24 09:06:59 +0000"
    },
    "done": true
  },
  "morevanillatools:recipes/morevanillatools/redstone_pickaxe": {
    "criteria": {
      "criterion1": "2024-07-24 09:06:59 +0000"
    },
    "done": true
  },
  "morevanillatools:recipes/morevanillatools/lapis_pickaxe": {
    "criteria": {
      "criterion1": "2024-07-24 09:06:59 +0000"
    },
    "done": true
  },
  "morevanillatools:recipes/morevanillatools/bone_pickaxe": {
    "criteria": {
      "criterion1": "2024-07-24 09:06:59 +0000"
    },
    "done": true
  },
  "morevanillatools:recipes/morevanillatools/fiery_axe": {
    "criteria": {
      "criterion1": "2024-07-24 09:06:59 +0000"
    },
    "done": true
  },
  "morevanillatools:recipes/morevanillatools/ender_pickaxe": {
    "criteria": {
      "criterion1": "2024-07-24 09:06:59 +0000"
    },
    "done": true
  },
  "morevanillatools:recipes/morevanillatools/nether_pickaxe": {
    "criteria": {
      "criterion1": "2024-07-24 09:06:59 +0000"
    },
    "done": true
  },
  "minecraft:recipes/tools/wooden_hoe": {
    "criteria": {
      "has_stick": "2024-07-24 09:06:59 +0000"
    },
    "done": true
  },
  "endofherobrine:story/root": {
    "criteria": {
      "requirement": "2024-07-24 09:05:33 +0000"
    },
    "done": true
  },
  "morevanillatools:recipes/morevanillatools/obsidian_sword": {
    "criteria": {
      "criterion1": "2024-07-24 09:06:59 +0000"
    },
    "done": true
  },
  "morevanillatools:recipes/morevanillatools/lapis_shovel": {
    "criteria": {
      "criterion1": "2024-07-24 09:06:59 +0000"
    },
    "done": true
  },
  "morevanillatools:recipes/morevanillatools/lapis_hoe": {
    "criteria": {
      "criterion1": "2024-07-24 09:06:59 +0000"
    },
    "done": true
  },
  "morevanillatools:recipes/morevanillatools/nether_hoe": {
    "criteria": {
      "criterion1": "2024-07-24 09:06:59 +0000"
    },
    "done": true
  },
  "morevanillatools:recipes/morevanillatools/emerald_shovel": {
    "criteria": {
      "criterion1": "2024-07-24 09:06:59 +0000"
    },
    "done": true
  },
  "morevanillatools:recipes/morevanillatools/emerald_sword": {
    "criteria": {
      "criterion1": "2024-07-24 09:06:59 +0000"
    },
    "done": true
  },
  "morevanillatools:recipes/morevanillatools/glowstone_pickaxe": {
    "criteria": {
      "criterion1": "2024-07-24 09:06:59 +0000"
    },
    "done": true
  },
  "morevanillatools:recipes/morevanillatools/ender_sword": {
    "criteria": {
      "criterion1": "2024-07-24 09:06:59 +0000"
    },
    "done": true
  },
  "morevanillatools:recipes/morevanillatools/nether_axe": {
    "criteria": {
      "criterion1": "2024-07-24 09:06:59 +0000"
    },
    "done": true
  },
  "morevanillatools:recipes/morevanillatools/lapis_axe": {
    "criteria": {
      "criterion1": "2024-07-24 09:06:59 +0000"
    },
    "done": true
  },
  "minecraft:recipes/combat/crossbow": {
    "criteria": {
      "has_stick": "2024-07-24 09:06:59 +0000"
    },
    "done": true
  },
  "morevanillatools:recipes/morevanillatools/obsidian_shovel": {
    "criteria": {
      "criterion1": "2024-07-24 09:06:59 +0000"
    },
    "done": true
  },
  "morevanillatools:recipes/morevanillatools/emerald_axe": {
    "criteria": {
      "criterion1": "2024-07-24 09:06:59 +0000"
    },
    "done": true
  },
  "morevanillatools:recipes/morevanillatools/paper_pickaxe": {
    "criteria": {
      "criterion1": "2024-07-24 09:06:59 +0000"
    },
    "done": true
  },
  "morevanillatools:recipes/morevanillatools/slime_pickaxe": {
    "criteria": {
      "criterion1": "2024-07-24 09:06:59 +0000"
    },
    "done": true
  },
  "minecraft:recipes/misc/leather_horse_armor": {
    "criteria": {
      "has_leather": "2024-07-24 09:06:59 +0000"
    },
    "done": true
  },
  "minecraft:recipes/combat/leather_leggings": {
    "criteria": {
      "has_leather": "2024-07-24 09:06:59 +0000"
    },
    "done": true
  },
  "morevanillatools:recipes/morevanillatools/prismarine_shovel": {
    "criteria": {
      "criterion1": "2024-07-24 09:06:59 +0000"
    },
    "done": true
  },
  "morevanillatools:recipes/morevanillatools/paper_sword": {
    "criteria": {
      "criterion1": "2024-07-24 09:06:59 +0000"
    },
    "done": true
  },
  "morevanillatools:recipes/morevanillatools/bone_axe": {
    "criteria": {
      "criterion1": "2024-07-24 09:06:59 +0000"
    },
    "done": true
  },
  "morevanillatools:recipes/morevanillatools/quartz_pickaxe": {
    "criteria": {
      "criterion1": "2024-07-24 09:06:59 +0000"
    },
    "done": true
  },
  "thepursuer:adv_pursuer_root": {
    "criteria": {
      "adv_pursuer_root": "2024-07-24 09:06:11 +0000"
    },
    "done": true
  },
  "minecraft:recipes/combat/leather_chestplate": {
    "criteria": {
      "has_leather": "2024-07-24 09:06:59 +0000"
    },
    "done": true
  },
  "morevanillatools:recipes/morevanillatools/paper_axe": {
    "criteria": {
      "criterion1": "2024-07-24 09:06:59 +0000"
    },
    "done": true
  },
  "morevanillatools:recipes/morevanillatools/quartz_sword": {
    "criteria": {
      "criterion1": "2024-07-24 09:06:59 +0000"
    },
    "done": true
  },
  "morevanillatools:recipes/morevanillatools/nether_shovel": {
    "criteria": {
      "criterion1": "2024-07-24 09:06:59 +0000"
    },
    "done": true
  },
  "morevanillatools:recipes/morevanillatools/bone_hoe": {
    "criteria": {
      "criterion1": "2024-07-24 09:06:59 +0000"
    },
    "done": true
  },
  "morevanillatools:recipes/morevanillatools/fiery_shovel": {
    "criteria": {
      "criterion1": "2024-07-24 09:06:59 +0000"
    },
    "done": true
  },
  "morevanillatools:recipes/morevanillatools/bone_sword": {
    "criteria": {
      "criterion1": "2024-07-24 09:06:59 +0000"
    },
    "done": true
  },
  "morevanillatools:recipes/morevanillatools/fiery_hoe": {
    "criteria": {
      "criterion1": "2024-07-24 09:06:59 +0000"
    },
    "done": true
  },
  "morevanillatools:recipes/morevanillatools/emerald_pickaxe": {
    "criteria": {
      "criterion1": "2024-07-24 09:06:59 +0000"
    },
    "done": true
  },
  "minecraft:recipes/food/cooked_beef": {
    "criteria": {
      "has_beef": "2024-07-24 09:06:59 +0000"
    },
    "done": true
  },
  "minecraft:adventure/adventuring_time": {
    "criteria": {
      "minecraft:birch_forest": "2024-07-24 09:06:23 +0000",
      "minecraft:river": "2024-07-24 09:06:16 +0000",
      "minecraft:forest": "2024-07-24 09:05:09 +0000",
      "minecraft:old_growth_birch_forest": "2024-07-24 09:05:34 +0000"
    },
    "done": false
  },
  "morevanillatools:recipes/morevanillatools/glowstone_shovel": {
    "criteria": {
      "criterion1": "2024-07-24 09:06:59 +0000"
    },
    "done": true
  },
  "morevanillatools:recipes/morevanillatools/prismarine_hoe": {
    "criteria": {
      "criterion1": "2024-07-24 09:06:59 +0000"
    },
    "done": true
  },
  "minecraft:recipes/tools/wooden_pickaxe": {
    "criteria": {
      "has_stick": "2024-07-24 09:06:59 +0000"
    },
    "done": true
  },
  "morevanillatools:recipes/morevanillatools/fiery_sword": {
    "criteria": {
      "criterion1": "2024-07-24 09:06:59 +0000"
    },
    "done": true
  },
  "morevanillatools:recipes/morevanillatools/bone_shovel": {
    "criteria": {
      "criterion1": "2024-07-24 09:06:59 +0000"
    },
    "done": true
  },
  "morevanillatools:recipes/morevanillatools/obsidian_pickaxe": {
    "criteria": {
      "criterion1": "2024-07-24 09:06:59 +0000"
    },
    "done": true
  },
  "morevanillatools:recipes/morevanillatools/redstone_sword": {
    "criteria": {
      "criterion1": "2024-07-24 09:06:59 +0000"
    },
    "done": true
  },
  "morevanillatools:recipes/morevanillatools/prismarine_sword": {
    "criteria": {
      "criterion1": "2024-07-24 09:06:59 +0000"
    },
    "done": true
  },
  "morevanillatools:recipes/morevanillatools/redstone_axe": {
    "criteria": {
      "criterion1": "2024-07-24 09:06:59 +0000"
    },
    "done": true
  },
  "minecraft:recipes/combat/leather_boots": {
    "criteria": {
      "has_leather": "2024-07-24 09:06:59 +0000"
    },
    "done": true
  },
  "morevanillatools:recipes/morevanillatools/quartz_shovel": {
    "criteria": {
      "criterion1": "2024-07-24 09:06:59 +0000"
    },
    "done": true
  },
  "minecraft:recipes/decorations/item_frame": {
    "criteria": {
      "has_leather": "2024-07-24 09:06:59 +0000"
    },
    "done": true
  },
  "morevanillatools:recipes/morevanillatools/slime_shovel": {
    "criteria": {
      "criterion1": "2024-07-24 09:06:59 +0000"
    },
    "done": true
  },
  "morevanillatools:recipes/morevanillatools/ender_hoe": {
    "criteria": {
      "criterion1": "2024-07-24 09:06:59 +0000"
    },
    "done": true
  },
  "minecraft:recipes/food/cooked_beef_from_smoking": {
    "criteria": {
      "has_beef": "2024-07-24 09:06:59 +0000"
    },
    "done": true
  },
  "morevanillatools:recipes/morevanillatools/ender_shovel": {
    "criteria": {
      "criterion1": "2024-07-24 09:06:59 +0000"
    },
    "done": true
  },
  "morevanillatools:recipes/morevanillatools/coal_hoe": {
    "criteria": {
      "criterion1": "2024-07-24 09:06:59 +0000"
    },
    "done": true
  },
  "morevanillatools:recipes/morevanillatools/paper_hoe": {
    "criteria": {
      "criterion1": "2024-07-24 09:06:59 +0000"
    },
    "done": true
  },
  "morevanillatools:recipes/morevanillatools/obsidian_axe": {
    "criteria": {
      "criterion1": "2024-07-24 09:06:59 +0000"
    },
    "done": true
  },
  "morevanillatools:recipes/morevanillatools/glowstone_hoe": {
    "criteria": {
      "criterion1": "2024-07-24 09:06:59 +0000"
    },
    "done": true
  },
  "morevanillatools:recipes/morevanillatools/copper_axe": {
    "criteria": {
      "criterion1": "2024-07-24 09:06:59 +0000"
    },
    "done": true
  },
  "morevanillatools:recipes/morevanillatools/coal_axe": {
    "criteria": {
      "criterion1": "2024-07-24 09:06:59 +0000"
    },
    "done": true
  },
  "minecraft:recipes/food/cooked_beef_from_campfire_cooking": {
    "criteria": {
      "has_beef": "2024-07-24 09:06:59 +0000"
    },
    "done": true
  },
  "morevanillatools:recipes/morevanillatools/glowstone_sword": {
    "criteria": {
      "criterion1": "2024-07-24 09:06:59 +0000"
    },
    "done": true
  },
  "morevanillatools:recipes/morevanillatools/obsidian_hoe": {
    "criteria": {
      "criterion1": "2024-07-24 09:06:59 +0000"
    },
    "done": true
  },
  "morevanillatools:recipes/morevanillatools/paper_shovel": {
    "criteria": {
      "criterion1": "2024-07-24 09:06:59 +0000"
    },
    "done": true
  },
  "morevanillatools:recipes/morevanillatools/redstone_hoe": {
    "criteria": {
      "criterion1": "2024-07-24 09:06:59 +0000"
    },
    "done": true
  },
  "morevanillatools:recipes/morevanillatools/lapis_sword": {
    "criteria": {
      "criterion1": "2024-07-24 09:06:59 +0000"
    },
    "done": true
  },
  "morevanillatools:recipes/morevanillatools/copper_hoe": {
    "criteria": {
      "criterion1": "2024-07-24 09:06:59 +0000"
    },
    "done": true
  },
  "morevanillatools:recipes/morevanillatools/glowstone_axe": {
    "criteria": {
      "criterion1": "2024-07-24 09:06:59 +0000"
    },
    "done": true
  },
  "morevanillatools:recipes/morevanillatools/fiery_pickaxe": {
    "criteria": {
      "criterion1": "2024-07-24 09:06:59 +0000"
    },
    "done": true
  },
  "morevanillatools:recipes/morevanillatools/nether_sword": {
    "criteria": {
      "criterion1": "2024-07-24 09:06:59 +0000"
    },
    "done": true
  },
  "minecraft:recipes/decorations/soul_campfire": {
    "criteria": {
      "has_stick": "2024-07-24 09:06:59 +0000"
    },
    "done": true
  },
  "morevanillatools:recipes/morevanillatools/prismarine_axe": {
    "criteria": {
      "criterion1": "2024-07-24 09:06:59 +0000"
    },
    "done": true
  },
  "morevanillatools:recipes/morevanillatools/copper_shovel": {
    "criteria": {
      "criterion1": "2024-07-24 09:06:59 +0000"
    },
    "done": true
  },
  "morevanillatools:recipes/morevanillatools/slime_axe": {
    "criteria": {
      "criterion1": "2024-07-24 09:06:59 +0000"
    },
    "done": true
  },
  "DataVersion": 3120
}